{
	"class_name" : "PinholeCameraParameters",
	"extrinsic" : 
	[
		0.85710654468545866,
		0.060935998204842044,
		-0.51152240926486636,
		0.0,
		0.51243821366070963,
		-0.20240635072278065,
		0.83452905663452348,
		0.0,
		-0.052682523075256435,
		-0.97740394582274237,
		-0.20470974195811706,
		0.0,
		0.1939334343003567,
		0.12163825876439976,
		2.3552701151551383,
		1.0
	],
	"intrinsic" : 
	{
		"height" : 1080,
		"intrinsic_matrix" : 
		[
			935.30743608719376,
			0.0,
			0.0,
			0.0,
			935.30743608719376,
			0.0,
			959.5,
			539.5,
			1.0
		],
		"width" : 1920
	},
	"version_major" : 1,
	"version_minor" : 0
}