{
	"class_name" : "PinholeCameraParameters",
	"extrinsic" : 
	[
		0.98491120812577782,
		-0.15297102907574334,
		-0.080930688689328623,
		0.0,
		0.054011644522929468,
		-0.17258008357972021,
		0.98351352660120828,
		0.0,
		-0.16441610129226894,
		-0.9730446952813242,
		-0.16171384177220416,
		0.0,
		-0.11689518937961496,
		0.20530095273849613,
		2.2326029933807554,
		1.0
	],
	"intrinsic" : 
	{
		"height" : 1080,
		"intrinsic_matrix" : 
		[
			935.30743608719376,
			0.0,
			0.0,
			0.0,
			935.30743608719376,
			0.0,
			959.5,
			539.5,
			1.0
		],
		"width" : 1920
	},
	"version_major" : 1,
	"version_minor" : 0
}