{
	"class_name" : "PinholeCameraParameters",
	"extrinsic" : 
	[
		0.98935832685575453,
		-0.14235797317651902,
		0.030071723499921217,
		0.0,
		-0.050404634615569086,
		-0.14145694525323863,
		0.98866035899538995,
		0.0,
		-0.1364898307217545,
		-0.97965511283956253,
		-0.14712710830044562,
		0.0,
		-0.12713531433846476,
		0.20619146895076546,
		2.2129687163338114,
		1.0
	],
	"intrinsic" : 
	{
		"height" : 1369,
		"intrinsic_matrix" : 
		[
			1185.5887777808966,
			0.0,
			0.0,
			0.0,
			1185.5887777808966,
			0.0,
			1279.5,
			684.0,
			1.0
		],
		"width" : 2560
	},
	"version_major" : 1,
	"version_minor" : 0
}